name,age,gender
Laurel,54,M
Barbara,42,M
Kylee,52,M
Ali,40,M
Jack,56,M
Irma,50,F
Omar,52,F
Axel,48,M
Nevada,54,M
Xantha,50,M
Chanda,59,F
Eaton,47,F
Logan,52,M
Iona,60,F
Nola,55,F
Vivien,53,F
Velma,46,F
Quintessa,49,F
Christine,50,F
Marcia,48,F
Luke,52,F
Dara,40,M
Hedley,44,F
Desiree,40,M
Sara,43,M
Baker,56,F
Rhoda,50,M
Ocean,40,F
Elmo,57,F
Fuller,49,F
Jessica,52,F
Cameran,40,M
Zephania,42,M
Nola,50,F
Nichole,57,F
Benjamin,42,M
Jakeem,53,M
Dillon,42,M
Whilemina,44,M
Daquan,49,M
Carla,40,F
Zachery,60,F
Palmer,51,F
Lynn,44,M
John,57,M
Eve,47,M
Ingrid,42,M
Dominic,48,M
Fuller,57,F
Ivy,46,F
Fitzgerald,42,M
Cyrus,43,F
Zahir,42,M
Victoria,47,M
Iona,55,F
Cyrus,52,F
Arsenio,50,M
Jemima,60,M
Irene,57,F
Neve,54,F
Rae,53,M
Tyrone,57,M
Odessa,40,F
Leonard,45,M
Anthony,58,F
Ezekiel,45,F
Dale,40,F
Francis,47,F
Marsden,55,M
Cynthia,55,M
Maris,50,F
Maggie,49,F
Phyllis,56,M
Ariana,40,F
Carissa,51,M
Ferdinand,45,F
Vernon,45,M
Nicholas,48,M
Vera,47,F
Ariel,40,F
Jamal,56,M
Naida,47,M
Anastasia,58,F
Dillon,45,M
Leslie,52,M
Cheyenne,57,M
Ezra,59,M
Logan,59,F
Joseph,44,F
Norman,48,M
Berk,56,M
Jelani,50,M
Mari,60,F
Linda,51,F
Edward,41,M
Aurora,48,F
Jasmine,54,F
Gwendolyn,59,M
Imogene,45,F
Adara,42,M